<?xml version="1.0" encoding="UTF-8"?>
<point_cloud version="1.2.0">
  <params>
    <dataType>uint8</dataType>
    <bands>
      <band label="Red"/>
      <band label="Green"/>
      <band label="Blue"/>
    </bands>
  </params>
  <tracks path="tracks.ply" count="2201"/>
  <points path="points.ply" count="1946"/>
  <projections camera_id="0" path="p0.ply" count="534"/>
  <projections camera_id="1" path="p1.ply" count="480"/>
  <projections camera_id="2" path="p2.ply" count="518"/>
  <projections camera_id="3" path="p3.ply" count="389"/>
  <projections camera_id="4" path="p4.ply" count="426"/>
  <projections camera_id="5" path="p5.ply" count="322"/>
  <projections camera_id="6" path="p6.ply" count="630"/>
  <projections camera_id="7" path="p7.ply" count="530"/>
  <projections camera_id="8" path="p8.ply" count="586"/>
  <projections camera_id="9" path="p9.ply" count="548"/>
  <projections camera_id="10" path="p10.ply" count="581"/>
  <projections camera_id="11" path="p11.ply" count="490"/>
  <meta>
    <property name="match/duration" value="2.276"/>
    <property name="match/match_downscale" value="1"/>
    <property name="match/match_point_limit" value="80000"/>
    <property name="match/match_preselection_generic" value="false"/>
    <property name="match/match_tiepoint_limit" value="8000"/>
  </meta>
</point_cloud>
