<?xml version="1.0" encoding="UTF-8"?>
<frame version="1.2.0">
  <cameras>
    <camera camera_id="0">
      <photo path="../../../inverse_rendering_1_0001.png">
        <meta>
          <property name="File/ImageHeight" value="1920"/>
          <property name="File/ImageWidth" value="1080"/>
          <property name="System/FileModifyDate" value="2020:12:02 15:10:42"/>
          <property name="System/FileSize" value="2304298"/>
        </meta>
      </photo>
    </camera>
    <camera camera_id="1">
      <photo path="../../../inverse_rendering_1_0002.png">
        <meta>
          <property name="File/ImageHeight" value="1920"/>
          <property name="File/ImageWidth" value="1080"/>
          <property name="System/FileModifyDate" value="2020:12:02 15:10:44"/>
          <property name="System/FileSize" value="2230806"/>
        </meta>
      </photo>
    </camera>
    <camera camera_id="2">
      <photo path="../../../inverse_rendering_1_0003.png">
        <meta>
          <property name="File/ImageHeight" value="1920"/>
          <property name="File/ImageWidth" value="1080"/>
          <property name="System/FileModifyDate" value="2020:12:02 15:10:42"/>
          <property name="System/FileSize" value="2367980"/>
        </meta>
      </photo>
    </camera>
    <camera camera_id="3">
      <photo path="../../../inverse_rendering_1_0004.png">
        <meta>
          <property name="File/ImageHeight" value="1920"/>
          <property name="File/ImageWidth" value="1080"/>
          <property name="System/FileModifyDate" value="2020:12:02 15:10:44"/>
          <property name="System/FileSize" value="2027957"/>
        </meta>
      </photo>
    </camera>
    <camera camera_id="4">
      <photo path="../../../inverse_rendering_1_0005.png">
        <meta>
          <property name="File/ImageHeight" value="1920"/>
          <property name="File/ImageWidth" value="1080"/>
          <property name="System/FileModifyDate" value="2020:12:02 15:10:42"/>
          <property name="System/FileSize" value="2175078"/>
        </meta>
      </photo>
    </camera>
    <camera camera_id="5">
      <photo path="../../../inverse_rendering_1_0006.png">
        <meta>
          <property name="File/ImageHeight" value="1920"/>
          <property name="File/ImageWidth" value="1080"/>
          <property name="System/FileModifyDate" value="2020:12:02 15:10:42"/>
          <property name="System/FileSize" value="1995522"/>
        </meta>
      </photo>
    </camera>
    <camera camera_id="6">
      <photo path="../../../inverse_rendering_1_0007.png">
        <meta>
          <property name="File/ImageHeight" value="1920"/>
          <property name="File/ImageWidth" value="1080"/>
          <property name="System/FileModifyDate" value="2020:12:02 15:10:42"/>
          <property name="System/FileSize" value="2389873"/>
        </meta>
      </photo>
    </camera>
    <camera camera_id="7">
      <photo path="../../../inverse_rendering_1_0008.png">
        <meta>
          <property name="File/ImageHeight" value="1920"/>
          <property name="File/ImageWidth" value="1080"/>
          <property name="System/FileModifyDate" value="2020:12:02 15:10:42"/>
          <property name="System/FileSize" value="2416254"/>
        </meta>
      </photo>
    </camera>
    <camera camera_id="8">
      <photo path="../../../inverse_rendering_1_0009.png">
        <meta>
          <property name="File/ImageHeight" value="1920"/>
          <property name="File/ImageWidth" value="1080"/>
          <property name="System/FileModifyDate" value="2020:12:02 15:10:42"/>
          <property name="System/FileSize" value="2476398"/>
        </meta>
      </photo>
    </camera>
    <camera camera_id="9">
      <photo path="../../../inverse_rendering_1_0010.png">
        <meta>
          <property name="File/ImageHeight" value="1920"/>
          <property name="File/ImageWidth" value="1080"/>
          <property name="System/FileModifyDate" value="2020:12:02 15:10:42"/>
          <property name="System/FileSize" value="2352271"/>
        </meta>
      </photo>
    </camera>
    <camera camera_id="10">
      <photo path="../../../inverse_rendering_1_0011.png">
        <meta>
          <property name="File/ImageHeight" value="1920"/>
          <property name="File/ImageWidth" value="1080"/>
          <property name="System/FileModifyDate" value="2020:12:02 15:10:42"/>
          <property name="System/FileSize" value="2163220"/>
        </meta>
      </photo>
    </camera>
    <camera camera_id="11">
      <photo path="../../../inverse_rendering_1_0012.png">
        <meta>
          <property name="File/ImageHeight" value="1920"/>
          <property name="File/ImageWidth" value="1080"/>
          <property name="System/FileModifyDate" value="2020:12:02 15:10:42"/>
          <property name="System/FileSize" value="2569229"/>
        </meta>
      </photo>
    </camera>
  </cameras>
  <thumbnails path="thumbnails/thumbnails.zip"/>
  <point_cloud path="point_cloud/point_cloud.zip"/>
  <dense_cloud id="0" path="dense_cloud/dense_cloud.zip"/>
  <model id="0" path="model/model.zip"/>
</frame>
